,LastUpdated,OccupancyRate
0,2016-10-04 08:00:00,0.2579710144927536
1,2016-10-04 08:30:00,0.3898550724637681
2,2016-10-04 09:00:00,0.6014492753623188
3,2016-10-04 09:30:00,0.7681159420289855
4,2016-10-04 10:00:00,0.8695652173913043
5,2016-10-04 10:30:00,0.9304347826086956
6,2016-10-04 11:00:00,0.9782608695652174
7,2016-10-04 11:30:00,0.9739130434782608
8,2016-10-04 12:00:00,0.981159420289855
9,2016-10-04 12:30:00,0.989855072463768
10,2016-10-04 13:00:00,0.9565217391304348
11,2016-10-04 13:30:00,0.9391304347826088
12,2016-10-04 14:00:00,0.9260869565217392
13,2016-10-04 14:30:00,0.9
14,2016-10-04 15:00:00,0.8782608695652174
15,2016-10-04 15:30:00,0.8420289855072464
16,2016-10-04 16:00:00,0.7739130434782608
17,2016-10-04 16:30:00,0.6753623188405797
18,2016-10-05 08:00:00,0.2608695652173913
19,2016-10-05 08:30:00,0.4260869565217391
20,2016-10-05 09:00:00,0.6144927536231884
21,2016-10-05 09:30:00,0.7391304347826086
22,2016-10-05 10:00:00,0.8289855072463768
23,2016-10-05 10:30:00,0.8666666666666667
24,2016-10-05 11:00:00,0.9043478260869564
25,2016-10-05 11:30:00,0.9188405797101448
26,2016-10-05 12:00:00,0.946376811594203
27,2016-10-05 12:30:00,0.9594202898550724
28,2016-10-05 13:00:00,0.9637681159420288
29,2016-10-05 13:30:00,0.9695652173913044
30,2016-10-05 14:00:00,0.9594202898550724
31,2016-10-05 14:30:00,0.946376811594203
32,2016-10-05 15:00:00,0.9159420289855073
33,2016-10-05 15:30:00,0.8579710144927536
34,2016-10-05 16:00:00,0.7971014492753623
35,2016-10-05 16:30:00,0.7159420289855073
36,2016-10-06 08:00:00,0.2710144927536232
37,2016-10-06 08:30:00,0.4246376811594203
38,2016-10-06 09:00:00,0.6072463768115942
39,2016-10-06 09:30:00,0.7159420289855073
40,2016-10-06 10:00:00,0.8231884057971014
41,2016-10-06 10:30:00,0.8956521739130435
42,2016-10-06 11:00:00,0.9347826086956522
43,2016-10-06 11:30:00,0.9521739130434784
44,2016-10-06 12:00:00,0.9753623188405796
45,2016-10-06 12:30:00,0.9855072463768116
46,2016-10-06 13:00:00,0.9739130434782608
47,2016-10-06 13:30:00,0.972463768115942
48,2016-10-06 14:00:00,0.9652173913043478
49,2016-10-06 14:30:00,0.9333333333333332
50,2016-10-06 15:00:00,0.9115942028985508
51,2016-10-06 15:30:00,0.8608695652173913
52,2016-10-06 16:00:00,0.8188405797101449
53,2016-10-06 16:30:00,0.7246376811594203
54,2016-10-07 08:00:00,0.2507246376811594
55,2016-10-07 08:30:00,0.3985507246376811
56,2016-10-07 09:00:00,0.5739130434782609
57,2016-10-07 09:30:00,0.6536231884057971
58,2016-10-07 10:00:00,0.6985507246376812
59,2016-10-07 10:30:00,0.736231884057971
60,2016-10-07 11:00:00,0.7652173913043478
61,2016-10-07 11:30:00,0.7710144927536232
62,2016-10-07 12:00:00,0.7898550724637681
63,2016-10-07 12:30:00,0.7884057971014493
64,2016-10-07 13:00:00,0.782608695652174
65,2016-10-07 13:30:00,0.7855072463768116
66,2016-10-07 14:00:00,0.7898550724637681
67,2016-10-07 14:30:00,0.763768115942029
68,2016-10-07 15:00:00,0.7463768115942029
69,2016-10-07 15:30:00,0.717391304347826
70,2016-10-07 16:00:00,0.6884057971014492
71,2016-10-07 16:30:00,0.6289855072463768
72,2016-10-08 08:00:00,0.1188405797101449
73,2016-10-08 08:30:00,0.1246376811594203
74,2016-10-08 09:00:00,0.1347826086956521
75,2016-10-08 09:30:00,0.1318840579710145
76,2016-10-08 10:00:00,0.1376811594202898
77,2016-10-08 10:30:00,0.1565217391304348
78,2016-10-08 11:00:00,0.1710144927536231
79,2016-10-08 11:30:00,0.172463768115942
80,2016-10-08 12:00:00,0.1826086956521739
81,2016-10-08 12:30:00,0.1840579710144927
82,2016-10-08 13:00:00,0.2043478260869565
83,2016-10-08 13:30:00,0.217391304347826
84,2016-10-08 14:00:00,0.2318840579710145
85,2016-10-08 14:30:00,0.2434782608695652
86,2016-10-08 15:00:00,0.2710144927536232
87,2016-10-08 15:30:00,0.2681159420289855
88,2016-10-08 16:00:00,0.2855072463768116
89,2016-10-08 16:30:00,0.308695652173913
90,2016-10-09 08:00:00,0.1
91,2016-10-09 08:30:00,0.0985507246376811
92,2016-10-09 09:00:00,0.0956521739130434
93,2016-10-09 09:30:00,0.0956521739130434
94,2016-10-09 10:00:00,0.1028985507246376
95,2016-10-09 10:30:00,0.1304347826086956
96,2016-10-09 11:00:00,0.1463768115942029
97,2016-10-09 11:30:00,0.1579710144927536
98,2016-10-09 12:00:00,0.1565217391304348
99,2016-10-09 12:30:00,0.1391304347826087
100,2016-10-09 13:00:00,0.1637681159420289
101,2016-10-09 13:30:00,0.1637681159420289
102,2016-10-09 14:00:00,0.1927536231884058
103,2016-10-09 14:30:00,0.1985507246376811
104,2016-10-09 15:00:00,0.2188405797101449
105,2016-10-09 15:30:00,0.2072463768115942
106,2016-10-09 16:00:00,0.2246376811594203
107,2016-10-09 16:30:00,0.2318840579710145
108,2016-10-10 08:00:00,0.2434782608695652
109,2016-10-10 08:30:00,0.4
110,2016-10-10 09:00:00,0.591304347826087
111,2016-10-10 09:30:00,0.6956521739130435
112,2016-10-10 10:00:00,0.7840579710144927
113,2016-10-10 10:30:00,0.8101449275362319
114,2016-10-10 11:00:00,0.8173913043478261
115,2016-10-10 11:30:00,0.8405797101449275
116,2016-10-10 12:00:00,0.8913043478260869
117,2016-10-10 12:30:00,0.9043478260869564
118,2016-10-10 13:00:00,0.9057971014492754
119,2016-10-10 13:30:00,0.8739130434782608
120,2016-10-10 14:00:00,0.881159420289855
121,2016-10-10 14:30:00,0.8478260869565217
122,2016-10-10 15:00:00,0.8188405797101449
123,2016-10-10 15:30:00,0.7840579710144927
124,2016-10-10 16:00:00,0.7492753623188406
125,2016-10-10 16:30:00,0.6695652173913044
126,2016-10-11 08:00:00,0.2623188405797101
127,2016-10-11 08:30:00,0.4057971014492754
128,2016-10-11 09:00:00,0.5753623188405798
129,2016-10-11 09:30:00,0.7217391304347827
130,2016-10-11 10:00:00,0.8173913043478261
131,2016-10-11 10:30:00,0.8913043478260869
132,2016-10-11 11:00:00,0.9246376811594202
133,2016-10-11 11:30:00,0.9376811594202898
134,2016-10-11 12:00:00,0.9623188405797102
135,2016-10-11 12:30:00,0.9695652173913044
136,2016-10-11 13:00:00,0.9739130434782608
137,2016-10-11 13:30:00,0.9768115942028984
138,2016-10-11 14:00:00,0.9536231884057972
139,2016-10-11 14:30:00,0.9202898550724636
140,2016-10-11 15:00:00,0.8927536231884058
141,2016-10-11 15:30:00,0.8405797101449275
142,2016-10-11 16:00:00,0.7942028985507247
143,2016-10-11 16:30:00,0.7347826086956522
144,2016-10-12 08:00:00,0.2710144927536232
145,2016-10-12 08:30:00,0.4130434782608695
146,2016-10-12 09:00:00,0.6159420289855072
147,2016-10-12 09:30:00,0.7028985507246377
148,2016-10-12 10:00:00,0.8173913043478261
149,2016-10-12 10:30:00,0.9028985507246376
150,2016-10-12 11:00:00,0.955072463768116
151,2016-10-12 11:30:00,0.9652173913043478
152,2016-10-12 12:00:00,0.9797101449275364
153,2016-10-12 12:30:00,0.9666666666666668
154,2016-10-12 13:00:00,0.9434782608695652
155,2016-10-12 13:30:00,0.9260869565217392
156,2016-10-12 14:00:00,0.927536231884058
157,2016-10-12 14:30:00,0.9202898550724636
158,2016-10-12 15:00:00,0.8956521739130435
159,2016-10-12 15:30:00,0.8536231884057971
160,2016-10-12 16:00:00,0.7942028985507247
161,2016-10-12 16:30:00,0.7188405797101449
162,2016-10-13 08:00:00,0.244927536231884
163,2016-10-13 08:30:00,0.3840579710144927
164,2016-10-13 09:00:00,0.5739130434782609
165,2016-10-13 09:30:00,0.6869565217391305
166,2016-10-13 10:00:00,0.7623188405797101
167,2016-10-13 10:30:00,0.8014492753623188
168,2016-10-13 11:00:00,0.8304347826086956
169,2016-10-13 11:30:00,0.8608695652173913
170,2016-10-13 12:00:00,0.8840579710144928
171,2016-10-13 12:30:00,0.8898550724637682
172,2016-10-13 13:00:00,0.8840579710144928
173,2016-10-13 13:30:00,0.8826086956521739
174,2016-10-13 14:00:00,0.8724637681159421
175,2016-10-13 14:30:00,0.8347826086956521
176,2016-10-13 15:00:00,0.8231884057971014
177,2016-10-13 15:30:00,0.7898550724637681
178,2016-10-13 16:00:00,0.7420289855072464
179,2016-10-13 16:30:00,0.6594202898550725
180,2016-10-14 08:00:00,0.2463768115942029
181,2016-10-14 08:30:00,0.3637681159420289
182,2016-10-14 09:00:00,0.5507246376811594
183,2016-10-14 09:30:00,0.6231884057971014
184,2016-10-14 10:00:00,0.6985507246376812
185,2016-10-14 10:30:00,0.7391304347826086
186,2016-10-14 11:00:00,0.7681159420289855
187,2016-10-14 11:30:00,0.7869565217391304
188,2016-10-14 12:00:00,0.8
189,2016-10-14 12:30:00,0.8014492753623188
190,2016-10-14 13:00:00,0.8057971014492754
191,2016-10-14 13:30:00,0.8188405797101449
192,2016-10-14 14:00:00,0.8231884057971014
193,2016-10-14 14:30:00,0.7898550724637681
194,2016-10-14 15:00:00,0.7420289855072464
195,2016-10-14 15:30:00,0.7231884057971014
196,2016-10-14 16:00:00,0.7014492753623188
197,2016-10-14 16:30:00,0.6318840579710145
198,2016-10-15 08:00:00,0.1057971014492753
199,2016-10-15 08:30:00,0.1318840579710145
200,2016-10-15 09:00:00,0.144927536231884
201,2016-10-15 09:30:00,0.1492753623188406
202,2016-10-15 10:00:00,0.1666666666666666
203,2016-10-15 10:30:00,0.1913043478260869
204,2016-10-15 11:00:00,0.1971014492753623
205,2016-10-15 11:30:00,0.2159420289855072
206,2016-10-15 12:00:00,0.2231884057971014
207,2016-10-15 12:30:00,0.2217391304347826
208,2016-10-15 13:00:00,0.2376811594202898
209,2016-10-15 13:30:00,0.2492753623188406
210,2016-10-15 14:00:00,0.2681159420289855
211,2016-10-15 14:30:00,0.2826086956521739
212,2016-10-15 15:00:00,0.2956521739130435
213,2016-10-15 15:30:00,0.3159420289855073
214,2016-10-15 16:00:00,0.3246376811594202
215,2016-10-15 16:30:00,0.3159420289855073
216,2016-10-16 08:00:00,0.1072463768115942
217,2016-10-16 08:30:00,0.1391304347826087
218,2016-10-16 09:00:00,0.1768115942028985
219,2016-10-16 09:30:00,0.2057971014492753
220,2016-10-16 10:00:00,0.2492753623188406
221,2016-10-16 10:30:00,0.2811594202898551
222,2016-10-16 11:00:00,0.2942028985507246
223,2016-10-16 11:30:00,0.3202898550724637
224,2016-10-16 12:00:00,0.344927536231884
225,2016-10-16 12:30:00,0.3492753623188406
226,2016-10-16 13:00:00,0.3855072463768116
227,2016-10-16 13:30:00,0.3869565217391304
228,2016-10-16 14:00:00,0.3797101449275362
229,2016-10-16 14:30:00,0.3826086956521739
230,2016-10-16 15:00:00,0.3623188405797101
231,2016-10-16 15:30:00,0.3782608695652174
232,2016-10-16 16:00:00,0.3753623188405797
233,2016-10-16 16:30:00,0.3405797101449275
234,2016-10-17 08:00:00,0.2478260869565217
235,2016-10-17 08:30:00,0.3782608695652174
236,2016-10-17 09:00:00,0.5768115942028985
237,2016-10-17 09:30:00,0.6797101449275362
238,2016-10-17 10:00:00,0.8130434782608695
239,2016-10-17 10:30:00,0.8594202898550725
240,2016-10-17 11:00:00,0.8869565217391304
241,2016-10-17 11:30:00,0.9202898550724636
242,2016-10-17 12:00:00,0.9521739130434784
243,2016-10-17 12:30:00,0.9565217391304348
244,2016-10-17 13:00:00,0.955072463768116
245,2016-10-17 13:30:00,0.9536231884057972
246,2016-10-17 14:00:00,0.944927536231884
247,2016-10-17 14:30:00,0.936231884057971
248,2016-10-17 15:00:00,0.9043478260869564
249,2016-10-17 15:30:00,0.8739130434782608
250,2016-10-17 16:00:00,0.8666666666666667
251,2016-10-17 16:30:00,0.7927536231884058
252,2016-10-18 08:00:00,0.2869565217391304
253,2016-10-18 08:30:00,0.427536231884058
254,2016-10-18 09:00:00,0.6434782608695652
255,2016-10-18 09:30:00,0.7391304347826086
256,2016-10-18 10:00:00,0.8797101449275362
257,2016-10-18 10:30:00,0.9115942028985508
258,2016-10-18 11:00:00,0.9521739130434784
259,2016-10-18 11:30:00,0.9753623188405796
260,2016-10-18 12:00:00,0.9927536231884058
261,2016-10-18 12:30:00,0.9840579710144928
262,2016-10-18 13:00:00,0.9855072463768116
263,2016-10-18 13:30:00,0.9884057971014492
264,2016-10-18 14:00:00,0.981159420289855
265,2016-10-18 14:30:00,0.9521739130434784
266,2016-10-18 15:00:00,0.9159420289855073
267,2016-10-18 15:30:00,0.8855072463768116
268,2016-10-18 16:00:00,0.8478260869565217
269,2016-10-18 16:30:00,0.7608695652173914
270,2016-10-19 08:00:00,0.3173913043478261
271,2016-10-19 08:30:00,0.4304347826086956
272,2016-10-19 09:00:00,0.6521739130434783
273,2016-10-19 09:30:00,0.7724637681159421
274,2016-10-19 10:00:00,0.8739130434782608
275,2016-10-19 10:30:00,0.9115942028985508
276,2016-10-19 11:00:00,0.9652173913043478
277,2016-10-19 11:30:00,0.972463768115942
278,2016-10-19 12:00:00,0.9188405797101448
279,2016-10-19 12:30:00,0.9231884057971016
280,2016-10-19 13:00:00,0.9289855072463769
281,2016-10-19 13:30:00,0.9376811594202898
282,2016-10-19 14:00:00,0.908695652173913
283,2016-10-19 14:30:00,0.8913043478260869
284,2016-10-19 15:00:00,0.8608695652173913
285,2016-10-19 15:30:00,0.827536231884058
286,2016-10-19 16:00:00,0.7869565217391304
287,2016-10-19 16:30:00,0.736231884057971
288,2016-10-20 08:00:00,0.2942028985507246
289,2016-10-20 08:30:00,0.4579710144927536
290,2016-10-20 09:00:00,0.6246376811594203
291,2016-10-20 09:30:00,0.6898550724637681
292,2016-10-20 10:00:00,0.7579710144927536
293,2016-10-20 10:30:00,0.8115942028985508
294,2016-10-20 11:00:00,0.8376811594202899
295,2016-10-20 11:30:00,0.8695652173913043
296,2016-10-20 12:00:00,0.9202898550724636
297,2016-10-20 12:30:00,0.9681159420289857
298,2016-10-20 13:00:00,0.9623188405797102
299,2016-10-20 13:30:00,0.9855072463768116
300,2016-10-20 14:00:00,0.9565217391304348
301,2016-10-20 14:30:00,0.9507246376811594
302,2016-10-20 15:00:00,0.9260869565217392
303,2016-10-20 15:30:00,0.9057971014492754
304,2016-10-20 16:00:00,0.8536231884057971
305,2016-10-20 16:30:00,0.7840579710144927
306,2016-10-21 08:00:00,0.0898550724637681
307,2016-10-21 08:30:00,0.0898550724637681
308,2016-10-21 09:00:00,0.0898550724637681
309,2016-10-21 09:30:00,0.0898550724637681
310,2016-10-21 10:00:00,0.0898550724637681
311,2016-10-21 10:30:00,0.0898550724637681
312,2016-10-21 11:00:00,0.0898550724637681
313,2016-10-21 11:30:00,0.0898550724637681
314,2016-10-21 12:00:00,0.0898550724637681
315,2016-10-21 12:30:00,0.0898550724637681
316,2016-10-21 13:00:00,0.0898550724637681
317,2016-10-21 13:30:00,0.0898550724637681
318,2016-10-21 14:00:00,0.0898550724637681
319,2016-10-21 14:30:00,0.0898550724637681
320,2016-10-21 15:00:00,0.0898550724637681
321,2016-10-21 15:30:00,0.0898550724637681
322,2016-10-21 16:00:00,0.0898550724637681
323,2016-10-21 16:30:00,0.0898550724637681
324,2016-10-22 08:00:00,0.0898550724637681
325,2016-10-22 08:30:00,0.0971014492753623
326,2016-10-22 09:00:00,0.1202898550724637
327,2016-10-22 09:30:00,0.1231884057971014
328,2016-10-22 10:00:00,0.1376811594202898
329,2016-10-22 10:30:00,0.1565217391304348
330,2016-10-22 11:00:00,0.1869565217391304
331,2016-10-22 11:30:00,0.1971014492753623
332,2016-10-22 12:00:00,0.236231884057971
333,2016-10-22 12:30:00,0.2681159420289855
334,2016-10-22 13:00:00,0.2710144927536232
335,2016-10-22 13:30:00,0.2782608695652174
336,2016-10-22 14:00:00,0.2695652173913043
337,2016-10-22 14:30:00,0.2855072463768116
338,2016-10-22 15:00:00,0.2768115942028985
339,2016-10-22 15:30:00,0.2913043478260869
340,2016-10-22 16:00:00,0.2956521739130435
341,2016-10-22 16:30:00,0.2869565217391304
342,2016-10-23 08:00:00,0.0971014492753623
343,2016-10-23 08:30:00,0.1014492753623188
344,2016-10-23 09:00:00,0.1028985507246376
345,2016-10-23 09:30:00,0.1014492753623188
346,2016-10-23 10:00:00,0.1057971014492753
347,2016-10-23 10:30:00,0.1347826086956521
348,2016-10-23 11:00:00,0.1420289855072463
349,2016-10-23 11:30:00,0.1391304347826087
350,2016-10-23 12:00:00,0.1594202898550724
351,2016-10-23 12:30:00,0.172463768115942
352,2016-10-23 13:00:00,0.1826086956521739
353,2016-10-23 13:30:00,0.1884057971014492
354,2016-10-23 14:00:00,0.2043478260869565
355,2016-10-23 14:30:00,0.2231884057971014
356,2016-10-23 15:00:00,0.2289855072463768
357,2016-10-23 15:30:00,0.2405797101449275
358,2016-10-23 16:00:00,0.2478260869565217
359,2016-10-23 16:30:00,0.2391304347826087
360,2016-10-24 08:00:00,0.2565217391304348
361,2016-10-24 08:30:00,0.4405797101449275
362,2016-10-24 09:00:00,0.5985507246376811
363,2016-10-24 09:30:00,0.6652173913043479
364,2016-10-24 10:00:00,0.7304347826086957
365,2016-10-24 10:30:00,0.7884057971014493
366,2016-10-24 11:00:00,0.827536231884058
367,2016-10-24 11:30:00,0.8463768115942029
368,2016-10-24 12:00:00,0.8826086956521739
369,2016-10-24 12:30:00,0.8826086956521739
370,2016-10-24 13:00:00,0.8869565217391304
371,2016-10-24 13:30:00,0.9028985507246376
372,2016-10-24 14:00:00,0.9
373,2016-10-24 14:30:00,0.908695652173913
374,2016-10-24 15:00:00,0.9028985507246376
375,2016-10-24 15:30:00,0.8884057971014493
376,2016-10-24 16:00:00,0.8217391304347826
377,2016-10-24 16:30:00,0.7188405797101449
378,2016-10-25 08:00:00,0.2840579710144927
379,2016-10-25 08:30:00,0.4318840579710145
380,2016-10-25 09:00:00,0.6463768115942029
381,2016-10-25 09:30:00,0.7043478260869566
382,2016-10-25 10:00:00,0.8130434782608695
383,2016-10-25 10:30:00,0.8869565217391304
384,2016-10-25 11:00:00,0.9130434782608696
385,2016-10-25 11:30:00,0.9405797101449276
386,2016-10-25 12:00:00,0.982608695652174
387,2016-10-25 12:30:00,0.982608695652174
388,2016-10-25 13:00:00,0.9681159420289857
389,2016-10-25 13:30:00,0.9855072463768116
390,2016-10-25 14:00:00,0.9797101449275364
391,2016-10-25 14:30:00,0.9985507246376812
392,2016-10-25 15:00:00,0.9304347826086956
393,2016-10-25 15:30:00,0.9188405797101448
394,2016-10-25 16:00:00,0.8434782608695652
395,2016-10-25 16:30:00,0.7782608695652173
396,2016-10-26 08:00:00,0.2666666666666666
397,2016-10-26 08:30:00,0.4217391304347826
398,2016-10-26 09:00:00,0.5971014492753624
399,2016-10-26 09:30:00,0.6826086956521739
400,2016-10-26 10:00:00,0.7898550724637681
401,2016-10-26 10:30:00,0.8391304347826087
402,2016-10-26 11:00:00,0.863768115942029
403,2016-10-26 11:30:00,0.8884057971014493
404,2016-10-26 12:00:00,0.9347826086956522
405,2016-10-26 12:30:00,0.944927536231884
406,2016-10-26 13:00:00,0.9507246376811594
407,2016-10-26 13:30:00,0.9565217391304348
408,2016-10-26 14:00:00,0.981159420289855
409,2016-10-26 14:30:00,0.9797101449275364
410,2016-10-26 15:00:00,0.9521739130434784
411,2016-10-26 15:30:00,0.9376811594202898
412,2016-10-26 16:00:00,0.8768115942028986
413,2016-10-26 16:30:00,0.7956521739130434
414,2016-10-27 08:00:00,0.2942028985507246
415,2016-10-27 08:30:00,0.4579710144927536
416,2016-10-27 09:00:00,0.6246376811594203
417,2016-10-27 09:30:00,0.6898550724637681
418,2016-10-27 10:00:00,0.7579710144927536
419,2016-10-27 10:30:00,0.8115942028985508
420,2016-10-27 11:00:00,0.8376811594202899
421,2016-10-27 11:30:00,0.8695652173913043
422,2016-10-27 12:00:00,0.9202898550724636
423,2016-10-27 12:30:00,0.9681159420289857
424,2016-10-27 13:00:00,0.9623188405797102
425,2016-10-27 13:30:00,0.9855072463768116
426,2016-10-27 14:00:00,0.9565217391304348
427,2016-10-27 14:30:00,0.9507246376811594
428,2016-10-27 15:00:00,0.9260869565217392
429,2016-10-27 15:30:00,0.9057971014492754
430,2016-10-27 16:00:00,0.8536231884057971
431,2016-10-27 16:30:00,0.7840579710144927
432,2016-10-28 08:00:00,0.3217391304347826
433,2016-10-28 08:30:00,0.3217391304347826
434,2016-10-28 09:00:00,0.5362318840579711
435,2016-10-28 09:30:00,0.6072463768115942
436,2016-10-28 10:00:00,0.691304347826087
437,2016-10-28 10:30:00,0.7246376811594203
438,2016-10-28 11:00:00,0.763768115942029
439,2016-10-28 11:30:00,0.782608695652174
440,2016-10-28 12:00:00,0.8144927536231884
441,2016-10-28 12:30:00,0.8289855072463768
442,2016-10-28 13:00:00,0.8376811594202899
443,2016-10-28 13:30:00,0.8391304347826087
444,2016-10-28 14:00:00,0.8478260869565217
445,2016-10-28 14:30:00,0.8420289855072464
446,2016-10-28 15:00:00,0.8217391304347826
447,2016-10-28 15:30:00,0.8
448,2016-10-28 16:00:00,0.7608695652173914
449,2016-10-28 16:30:00,0.6956521739130435
450,2016-10-29 08:00:00,0.1144927536231884
451,2016-10-29 08:30:00,0.1217391304347826
452,2016-10-29 09:00:00,0.1420289855072463
453,2016-10-29 09:30:00,0.1507246376811594
454,2016-10-29 10:00:00,0.172463768115942
455,2016-10-29 10:30:00,0.1840579710144927
456,2016-10-29 11:00:00,0.2115942028985507
457,2016-10-29 11:30:00,0.2159420289855072
458,2016-10-29 12:00:00,0.2347826086956521
459,2016-10-29 12:30:00,0.2652173913043478
460,2016-10-29 13:00:00,0.2855072463768116
461,2016-10-29 13:30:00,0.3188405797101449
462,2016-10-29 14:00:00,0.3304347826086956
463,2016-10-29 14:30:00,0.3159420289855073
464,2016-10-29 15:00:00,0.3347826086956522
465,2016-10-29 15:30:00,0.3420289855072463
466,2016-10-29 16:00:00,0.3478260869565217
467,2016-10-29 16:30:00,0.3333333333333333
468,2016-10-30 08:00:00,0.0956521739130434
469,2016-10-30 08:30:00,0.0942028985507246
470,2016-10-30 09:00:00,0.1028985507246376
471,2016-10-30 09:30:00,0.108695652173913
472,2016-10-30 10:00:00,0.1260869565217391
473,2016-10-30 10:30:00,0.1405797101449275
474,2016-10-30 11:00:00,0.1565217391304348
475,2016-10-30 11:30:00,0.1681159420289855
476,2016-10-30 12:00:00,0.1826086956521739
477,2016-10-30 12:30:00,0.1898550724637681
478,2016-10-30 13:00:00,0.2101449275362318
479,2016-10-30 13:30:00,0.2347826086956521
480,2016-10-30 14:00:00,0.2579710144927536
481,2016-10-30 14:30:00,0.2681159420289855
482,2016-10-30 15:00:00,0.2855072463768116
483,2016-10-30 15:30:00,0.3
484,2016-10-30 16:00:00,0.3
485,2016-10-30 16:30:00,0.3
486,2016-10-31 08:00:00,0.2753623188405797
487,2016-10-31 08:30:00,0.3927536231884058
488,2016-10-31 09:00:00,0.5985507246376811
489,2016-10-31 09:30:00,0.691304347826087
490,2016-10-31 10:00:00,0.7869565217391304
491,2016-10-31 10:30:00,0.8217391304347826
492,2016-10-31 11:00:00,0.8536231884057971
493,2016-10-31 11:30:00,0.863768115942029
494,2016-10-31 12:00:00,0.9028985507246376
495,2016-10-31 12:30:00,0.910144927536232
496,2016-10-31 13:00:00,0.917391304347826
497,2016-10-31 13:30:00,0.9159420289855073
498,2016-10-31 14:00:00,0.917391304347826
499,2016-10-31 14:30:00,0.9115942028985508
500,2016-10-31 15:00:00,0.881159420289855
501,2016-10-31 15:30:00,0.8623188405797102
502,2016-10-31 16:00:00,0.808695652173913
503,2016-10-31 16:30:00,0.7695652173913043
504,2016-11-01 08:00:00,0.2652173913043478
505,2016-11-01 08:30:00,0.3695652173913043
506,2016-11-01 09:00:00,0.618840579710145
507,2016-11-01 09:30:00,0.7072463768115942
508,2016-11-01 10:00:00,0.8652173913043478
509,2016-11-01 10:30:00,0.9028985507246376
510,2016-11-01 11:00:00,0.9318840579710144
511,2016-11-01 11:30:00,0.9028985507246376
512,2016-11-01 12:00:00,0.9434782608695652
513,2016-11-01 12:30:00,0.9521739130434784
514,2016-11-01 13:00:00,0.946376811594203
515,2016-11-01 13:30:00,0.9391304347826088
516,2016-11-01 14:00:00,0.9318840579710144
517,2016-11-01 14:30:00,0.9217391304347826
518,2016-11-01 15:00:00,0.9
519,2016-11-01 15:30:00,0.8565217391304348
520,2016-11-01 16:00:00,0.8028985507246377
521,2016-11-01 16:30:00,0.7275362318840579
522,2016-11-02 08:00:00,0.2623188405797101
523,2016-11-02 08:30:00,0.4101449275362319
524,2016-11-02 09:00:00,0.5898550724637681
525,2016-11-02 09:30:00,0.7304347826086957
526,2016-11-02 10:00:00,0.8347826086956521
527,2016-11-02 10:30:00,0.8971014492753623
528,2016-11-02 11:00:00,0.9347826086956522
529,2016-11-02 11:30:00,0.9565217391304348
530,2016-11-02 12:00:00,0.981159420289855
531,2016-11-02 12:30:00,0.972463768115942
532,2016-11-02 13:00:00,0.9623188405797102
533,2016-11-02 13:30:00,0.9333333333333332
534,2016-11-02 14:00:00,0.9217391304347826
535,2016-11-02 14:30:00,0.936231884057971
536,2016-11-02 15:00:00,0.9246376811594202
537,2016-11-02 15:30:00,0.9130434782608696
538,2016-11-02 16:00:00,0.8695652173913043
539,2016-11-02 16:30:00,0.7942028985507247
540,2016-11-03 08:00:00,0.3115942028985507
541,2016-11-03 08:30:00,0.4246376811594203
542,2016-11-03 09:00:00,0.6521739130434783
543,2016-11-03 09:30:00,0.736231884057971
544,2016-11-03 10:00:00,0.836231884057971
545,2016-11-03 10:30:00,0.8724637681159421
546,2016-11-03 11:00:00,0.9115942028985508
547,2016-11-03 11:30:00,0.9304347826086956
548,2016-11-03 12:00:00,0.9434782608695652
549,2016-11-03 12:30:00,0.9521739130434784
550,2016-11-03 13:00:00,0.9637681159420288
551,2016-11-03 13:30:00,0.9536231884057972
552,2016-11-03 14:00:00,0.9608695652173912
553,2016-11-03 14:30:00,0.9521739130434784
554,2016-11-03 15:00:00,0.9202898550724636
555,2016-11-03 15:30:00,0.863768115942029
556,2016-11-03 16:00:00,0.863768115942029
557,2016-11-03 16:30:00,0.7246376811594203
558,2016-11-04 08:00:00,0.3608695652173913
559,2016-11-04 08:30:00,0.4942028985507246
560,2016-11-04 09:00:00,0.7115942028985507
561,2016-11-04 09:30:00,0.7971014492753623
562,2016-11-04 10:00:00,0.8507246376811595
563,2016-11-04 10:30:00,0.8666666666666667
564,2016-11-04 11:00:00,0.9028985507246376
565,2016-11-04 11:30:00,0.917391304347826
566,2016-11-04 12:00:00,0.9405797101449276
567,2016-11-04 12:30:00,0.946376811594203
568,2016-11-04 13:00:00,0.9507246376811594
569,2016-11-04 13:30:00,0.9492753623188406
570,2016-11-04 14:00:00,0.9318840579710144
571,2016-11-04 14:30:00,0.910144927536232
572,2016-11-04 15:00:00,0.8985507246376812
573,2016-11-04 15:30:00,0.863768115942029
574,2016-11-04 16:00:00,0.8188405797101449
575,2016-11-04 16:30:00,0.7623188405797101
576,2016-11-05 08:00:00,0.2217391304347826
577,2016-11-05 08:30:00,0.2231884057971014
578,2016-11-05 09:00:00,0.2463768115942029
579,2016-11-05 09:30:00,0.2565217391304348
580,2016-11-05 10:00:00,0.2753623188405797
581,2016-11-05 10:30:00,0.3072463768115942
582,2016-11-05 11:00:00,0.3188405797101449
583,2016-11-05 11:30:00,0.3188405797101449
584,2016-11-05 12:00:00,0.3608695652173913
585,2016-11-05 12:30:00,0.3637681159420289
586,2016-11-05 13:00:00,0.3695652173913043
587,2016-11-05 13:30:00,0.3985507246376811
588,2016-11-05 14:00:00,0.408695652173913
589,2016-11-05 14:30:00,0.3956521739130434
590,2016-11-05 15:00:00,0.4376811594202898
591,2016-11-05 15:30:00,0.4565217391304347
592,2016-11-05 16:00:00,0.4202898550724637
593,2016-11-05 16:30:00,0.4318840579710145
594,2016-11-06 08:00:00,0.1115942028985507
595,2016-11-06 08:30:00,0.1115942028985507
596,2016-11-06 09:00:00,0.117391304347826
597,2016-11-06 09:30:00,0.1231884057971014
598,2016-11-06 10:00:00,0.1347826086956521
599,2016-11-06 10:30:00,0.1434782608695652
600,2016-11-06 11:00:00,0.1536231884057971
601,2016-11-06 11:30:00,0.1594202898550724
602,2016-11-06 12:00:00,0.2014492753623188
603,2016-11-06 12:30:00,0.2115942028985507
604,2016-11-06 13:00:00,0.2492753623188406
605,2016-11-06 13:30:00,0.2652173913043478
606,2016-11-06 14:00:00,0.3231884057971014
607,2016-11-06 14:30:00,0.3478260869565217
608,2016-11-06 15:00:00,0.408695652173913
609,2016-11-06 15:30:00,0.4347826086956521
610,2016-11-06 16:00:00,0.4304347826086956
611,2016-11-06 16:30:00,0.4579710144927536
612,2016-11-07 08:00:00,0.2289855072463768
613,2016-11-07 08:30:00,0.3695652173913043
614,2016-11-07 09:00:00,0.5956521739130435
615,2016-11-07 09:30:00,0.6927536231884058
616,2016-11-07 10:00:00,0.7855072463768116
617,2016-11-07 10:30:00,0.8202898550724638
618,2016-11-07 11:00:00,0.863768115942029
619,2016-11-07 11:30:00,0.8753623188405797
620,2016-11-07 12:00:00,0.9347826086956522
621,2016-11-07 12:30:00,0.9420289855072465
622,2016-11-07 13:00:00,0.936231884057971
623,2016-11-07 13:30:00,0.9405797101449276
624,2016-11-07 14:00:00,0.9536231884057972
625,2016-11-07 14:30:00,0.9188405797101448
626,2016-11-07 15:00:00,0.8884057971014493
627,2016-11-07 15:30:00,0.8594202898550725
628,2016-11-07 16:00:00,0.8028985507246377
629,2016-11-07 16:30:00,0.7405797101449275
630,2016-11-08 08:00:00,0.2753623188405797
631,2016-11-08 08:30:00,0.391304347826087
632,2016-11-08 09:00:00,0.636231884057971
633,2016-11-08 09:30:00,0.7130434782608696
634,2016-11-08 10:00:00,0.7913043478260869
635,2016-11-08 10:30:00,0.8333333333333334
636,2016-11-08 11:00:00,0.8695652173913043
637,2016-11-08 11:30:00,0.9884057971014492
638,2016-11-08 12:00:00,0.9840579710144928
639,2016-11-08 12:30:00,0.9840579710144928
640,2016-11-08 13:00:00,0.9695652173913044
641,2016-11-08 13:30:00,0.9753623188405796
642,2016-11-08 14:00:00,0.981159420289855
643,2016-11-08 14:30:00,0.9376811594202898
644,2016-11-08 15:00:00,0.9115942028985508
645,2016-11-08 15:30:00,0.8826086956521739
646,2016-11-08 16:00:00,0.8130434782608695
647,2016-11-08 16:30:00,0.7304347826086957
648,2016-11-09 08:00:00,0.2550724637681159
649,2016-11-09 08:30:00,0.3275362318840579
650,2016-11-09 09:00:00,0.4753623188405797
651,2016-11-09 09:30:00,0.5666666666666667
652,2016-11-09 10:00:00,0.6217391304347826
653,2016-11-09 10:30:00,0.6420289855072464
654,2016-11-09 11:00:00,0.6782608695652174
655,2016-11-09 11:30:00,0.6956521739130435
656,2016-11-09 12:00:00,0.7014492753623188
657,2016-11-09 12:30:00,0.7
658,2016-11-09 13:00:00,0.7043478260869566
659,2016-11-09 13:30:00,0.7
660,2016-11-09 14:00:00,0.6942028985507246
661,2016-11-09 14:30:00,0.6942028985507246
662,2016-11-09 15:00:00,0.946376811594203
663,2016-11-09 15:30:00,0.9057971014492754
664,2016-11-09 16:00:00,0.8289855072463768
665,2016-11-09 16:30:00,0.7420289855072464
666,2016-11-10 08:00:00,0.272463768115942
667,2016-11-10 08:30:00,0.4579710144927536
668,2016-11-10 09:00:00,0.663768115942029
669,2016-11-10 09:30:00,0.744927536231884
670,2016-11-10 10:00:00,0.8739130434782608
671,2016-11-10 10:30:00,0.908695652173913
672,2016-11-10 11:00:00,0.9405797101449276
673,2016-11-10 11:30:00,0.9608695652173912
674,2016-11-10 12:00:00,0.991304347826087
675,2016-11-10 12:30:00,0.9594202898550724
676,2016-11-10 13:00:00,0.9884057971014492
677,2016-11-10 13:30:00,0.9579710144927536
678,2016-11-10 14:00:00,0.944927536231884
679,2016-11-10 14:30:00,0.9289855072463769
680,2016-11-10 15:00:00,0.8971014492753623
681,2016-11-10 15:30:00,0.8681159420289855
682,2016-11-10 16:00:00,0.8115942028985508
683,2016-11-10 16:30:00,0.736231884057971
684,2016-11-11 08:00:00,0.2753623188405797
685,2016-11-11 08:30:00,0.3869565217391304
686,2016-11-11 09:00:00,0.5695652173913044
687,2016-11-11 09:30:00,0.6333333333333333
688,2016-11-11 10:00:00,0.6985507246376812
689,2016-11-11 10:30:00,0.7289855072463768
690,2016-11-11 11:00:00,0.763768115942029
691,2016-11-11 11:30:00,0.782608695652174
692,2016-11-11 12:00:00,0.7985507246376812
693,2016-11-11 12:30:00,0.8
694,2016-11-11 13:00:00,0.8202898550724638
695,2016-11-11 13:30:00,0.8188405797101449
696,2016-11-11 14:00:00,0.7985507246376812
697,2016-11-11 14:30:00,0.7869565217391304
698,2016-11-11 15:00:00,0.7492753623188406
699,2016-11-11 15:30:00,0.7275362318840579
700,2016-11-11 16:00:00,0.6710144927536232
701,2016-11-11 16:30:00,0.6231884057971014
702,2016-11-12 08:00:00,0.0942028985507246
703,2016-11-12 08:30:00,0.0985507246376811
704,2016-11-12 09:00:00,0.1246376811594203
705,2016-11-12 09:30:00,0.1318840579710145
706,2016-11-12 10:00:00,0.1463768115942029
707,2016-11-12 10:30:00,0.1637681159420289
708,2016-11-12 11:00:00,0.1971014492753623
709,2016-11-12 11:30:00,0.2144927536231884
710,2016-11-12 12:00:00,0.2275362318840579
711,2016-11-12 12:30:00,0.2304347826086956
712,2016-11-12 13:00:00,0.2753623188405797
713,2016-11-12 13:30:00,0.3144927536231884
714,2016-11-12 14:00:00,0.3333333333333333
715,2016-11-12 14:30:00,0.3565217391304348
716,2016-11-12 15:00:00,0.3739130434782609
717,2016-11-12 15:30:00,0.3579710144927536
718,2016-11-12 16:00:00,0.3652173913043478
719,2016-11-12 16:30:00,0.3768115942028985
720,2016-11-13 08:00:00,0.0695652173913043
721,2016-11-13 08:30:00,0.0695652173913043
722,2016-11-13 09:00:00,0.0739130434782608
723,2016-11-13 09:30:00,0.081159420289855
724,2016-11-13 10:00:00,0.081159420289855
725,2016-11-13 10:30:00,0.1144927536231884
726,2016-11-13 11:00:00,0.1231884057971014
727,2016-11-13 11:30:00,0.1260869565217391
728,2016-11-13 12:00:00,0.1275362318840579
729,2016-11-13 12:30:00,0.1275362318840579
730,2016-11-13 13:00:00,0.1405797101449275
731,2016-11-13 13:30:00,0.1608695652173913
732,2016-11-13 14:00:00,0.1594202898550724
733,2016-11-13 14:30:00,0.1884057971014492
734,2016-11-13 15:00:00,0.1855072463768116
735,2016-11-13 15:30:00,0.2188405797101449
736,2016-11-13 16:00:00,0.2492753623188406
737,2016-11-13 16:30:00,0.2550724637681159
738,2016-11-14 08:00:00,0.2304347826086956
739,2016-11-14 08:30:00,0.3753623188405797
740,2016-11-14 09:00:00,0.5579710144927537
741,2016-11-14 09:30:00,0.6710144927536232
742,2016-11-14 10:00:00,0.7811594202898551
743,2016-11-14 10:30:00,0.8260869565217391
744,2016-11-14 11:00:00,0.8507246376811595
745,2016-11-14 11:30:00,0.8768115942028986
746,2016-11-14 12:00:00,0.9202898550724636
747,2016-11-14 12:30:00,0.8985507246376812
748,2016-11-14 13:00:00,0.9115942028985508
749,2016-11-14 13:30:00,0.9115942028985508
750,2016-11-14 14:00:00,0.9217391304347826
751,2016-11-14 14:30:00,0.9014492753623188
752,2016-11-14 15:00:00,0.863768115942029
753,2016-11-14 15:30:00,0.8260869565217391
754,2016-11-14 16:00:00,0.7681159420289855
755,2016-11-14 16:30:00,0.7014492753623188
756,2016-11-15 08:00:00,0.2478260869565217
757,2016-11-15 08:30:00,0.4014492753623188
758,2016-11-15 09:00:00,0.572463768115942
759,2016-11-15 09:30:00,0.6971014492753623
760,2016-11-15 10:00:00,0.7971014492753623
761,2016-11-15 10:30:00,0.8579710144927536
762,2016-11-15 11:00:00,0.8942028985507247
763,2016-11-15 11:30:00,0.910144927536232
764,2016-11-15 12:00:00,0.9579710144927536
765,2016-11-15 12:30:00,0.9797101449275364
766,2016-11-15 13:00:00,0.9797101449275364
767,2016-11-15 13:30:00,0.9782608695652174
768,2016-11-15 14:00:00,0.9666666666666668
769,2016-11-15 14:30:00,0.9347826086956522
770,2016-11-15 15:00:00,0.9130434782608696
771,2016-11-15 15:30:00,0.881159420289855
772,2016-11-15 16:00:00,0.836231884057971
773,2016-11-15 16:30:00,0.7507246376811594
774,2016-11-16 08:00:00,0.3550724637681159
775,2016-11-16 08:30:00,0.4855072463768116
776,2016-11-16 09:00:00,0.6811594202898551
777,2016-11-16 09:30:00,0.7710144927536232
778,2016-11-16 10:00:00,0.8826086956521739
779,2016-11-16 10:30:00,0.9072463768115944
780,2016-11-16 11:00:00,0.9376811594202898
781,2016-11-16 11:30:00,0.9608695652173912
782,2016-11-16 12:00:00,0.989855072463768
783,2016-11-16 12:30:00,0.9869565217391304
784,2016-11-16 13:00:00,0.9608695652173912
785,2016-11-16 13:30:00,0.9623188405797102
786,2016-11-16 14:00:00,0.9579710144927536
787,2016-11-16 14:30:00,0.944927536231884
788,2016-11-16 15:00:00,0.8942028985507247
789,2016-11-16 15:30:00,0.863768115942029
790,2016-11-16 16:00:00,0.8188405797101449
791,2016-11-16 16:30:00,0.7072463768115942
792,2016-11-17 08:00:00,0.2913043478260869
793,2016-11-17 08:30:00,0.4188405797101449
794,2016-11-17 09:00:00,0.644927536231884
795,2016-11-17 09:30:00,0.7202898550724638
796,2016-11-17 10:00:00,0.8043478260869565
797,2016-11-17 10:30:00,0.8449275362318841
798,2016-11-17 11:00:00,0.8768115942028986
799,2016-11-17 11:30:00,0.8985507246376812
800,2016-11-17 12:00:00,0.9304347826086956
801,2016-11-17 12:30:00,0.9289855072463769
802,2016-11-17 13:00:00,0.955072463768116
803,2016-11-17 13:30:00,0.9637681159420288
804,2016-11-17 14:00:00,0.9507246376811594
805,2016-11-17 14:30:00,0.9347826086956522
806,2016-11-17 15:00:00,0.910144927536232
807,2016-11-17 15:30:00,0.8666666666666667
808,2016-11-17 16:00:00,0.808695652173913
809,2016-11-17 16:30:00,0.7086956521739131
810,2016-11-18 08:00:00,0.3217391304347826
811,2016-11-18 08:30:00,0.436231884057971
812,2016-11-18 09:00:00,0.6782608695652174
813,2016-11-18 09:30:00,0.6782608695652174
814,2016-11-18 10:00:00,0.7492753623188406
815,2016-11-18 10:30:00,0.7855072463768116
816,2016-11-18 11:00:00,0.8434782608695652
817,2016-11-18 11:30:00,0.8536231884057971
818,2016-11-18 12:00:00,0.8739130434782608
819,2016-11-18 12:30:00,0.8753623188405797
820,2016-11-18 13:00:00,0.8739130434782608
821,2016-11-18 13:30:00,0.8536231884057971
822,2016-11-18 14:00:00,0.855072463768116
823,2016-11-18 14:30:00,0.8405797101449275
824,2016-11-18 15:00:00,0.8173913043478261
825,2016-11-18 15:30:00,0.7956521739130434
826,2016-11-18 16:00:00,0.7420289855072464
827,2016-11-18 16:30:00,0.6927536231884058
828,2016-11-19 08:00:00,0.1144927536231884
829,2016-11-19 08:30:00,0.1188405797101449
830,2016-11-19 09:00:00,0.1405797101449275
831,2016-11-19 09:30:00,0.1565217391304348
832,2016-11-19 10:00:00,0.1927536231884058
833,2016-11-19 10:30:00,0.2101449275362318
834,2016-11-19 11:00:00,0.2492753623188406
835,2016-11-19 11:30:00,0.2695652173913043
836,2016-11-19 12:00:00,0.3028985507246376
837,2016-11-19 12:30:00,0.3130434782608696
838,2016-11-19 13:00:00,0.3173913043478261
839,2016-11-19 13:30:00,0.3478260869565217
840,2016-11-19 14:00:00,0.3971014492753623
841,2016-11-19 14:30:00,0.417391304347826
842,2016-11-19 15:00:00,0.4463768115942029
843,2016-11-19 15:30:00,0.4492753623188406
844,2016-11-19 16:00:00,0.4739130434782608
845,2016-11-19 16:30:00,0.4739130434782608
846,2016-11-20 08:00:00,0.0826086956521739
847,2016-11-20 08:30:00,0.0840579710144927
848,2016-11-20 09:00:00,0.0855072463768115
849,2016-11-20 09:30:00,0.0869565217391304
850,2016-11-20 10:00:00,0.0985507246376811
851,2016-11-20 10:30:00,0.1231884057971014
852,2016-11-20 11:00:00,0.1666666666666666
853,2016-11-20 11:30:00,0.1768115942028985
854,2016-11-20 12:00:00,0.2057971014492753
855,2016-11-20 12:30:00,0.217391304347826
856,2016-11-20 13:00:00,0.2521739130434782
857,2016-11-20 13:30:00,0.2768115942028985
858,2016-11-20 14:00:00,0.3434782608695652
859,2016-11-20 14:30:00,0.3884057971014493
860,2016-11-20 15:00:00,0.4478260869565217
861,2016-11-20 15:30:00,0.4782608695652174
862,2016-11-20 16:00:00,0.4913043478260869
863,2016-11-20 16:30:00,0.4826086956521739
864,2016-11-21 08:00:00,0.2985507246376812
865,2016-11-21 08:30:00,0.4159420289855072
866,2016-11-21 09:00:00,0.6289855072463768
867,2016-11-21 09:30:00,0.7028985507246377
868,2016-11-21 10:00:00,0.808695652173913
869,2016-11-21 10:30:00,0.8420289855072464
870,2016-11-21 11:00:00,0.8376811594202899
871,2016-11-21 11:30:00,0.8492753623188406
872,2016-11-21 12:00:00,0.8826086956521739
873,2016-11-21 12:30:00,0.8942028985507247
874,2016-11-21 13:00:00,0.8942028985507247
875,2016-11-21 13:30:00,0.8710144927536232
876,2016-11-21 14:00:00,0.8768115942028986
877,2016-11-21 14:30:00,0.8579710144927536
878,2016-11-21 15:00:00,0.8478260869565217
879,2016-11-21 15:30:00,0.8144927536231884
880,2016-11-21 16:00:00,0.7608695652173914
881,2016-11-21 16:30:00,0.6797101449275362
882,2016-11-22 08:00:00,0.3217391304347826
883,2016-11-22 08:30:00,0.4942028985507246
884,2016-11-22 09:00:00,0.7086956521739131
885,2016-11-22 09:30:00,0.8072463768115942
886,2016-11-22 10:00:00,0.9260869565217392
887,2016-11-22 10:30:00,0.9420289855072465
888,2016-11-22 11:00:00,0.9594202898550724
889,2016-11-22 11:30:00,0.9884057971014492
890,2016-11-22 12:00:00,0.9608695652173912
891,2016-11-22 12:30:00,0.981159420289855
892,2016-11-22 13:00:00,0.9753623188405796
893,2016-11-22 13:30:00,0.9782608695652174
894,2016-11-22 14:00:00,0.8246376811594203
895,2016-11-22 14:30:00,0.808695652173913
896,2016-11-22 15:00:00,0.7840579710144927
897,2016-11-22 15:30:00,0.7565217391304347
898,2016-11-22 16:00:00,0.8927536231884058
899,2016-11-22 16:30:00,0.782608695652174
900,2016-11-23 08:00:00,0.3855072463768116
901,2016-11-23 08:30:00,0.508695652173913
902,2016-11-23 09:00:00,0.7057971014492753
903,2016-11-23 09:30:00,0.8449275362318841
904,2016-11-23 10:00:00,0.9376811594202898
905,2016-11-23 10:30:00,0.9637681159420288
906,2016-11-23 11:00:00,0.9869565217391304
907,2016-11-23 11:30:00,0.9492753623188406
908,2016-11-23 12:00:00,0.9753623188405796
909,2016-11-23 12:30:00,0.9753623188405796
910,2016-11-23 13:00:00,0.972463768115942
911,2016-11-23 13:30:00,0.9869565217391304
912,2016-11-23 14:00:00,0.9768115942028984
913,2016-11-23 14:30:00,0.9608695652173912
914,2016-11-23 15:00:00,0.9202898550724636
915,2016-11-23 15:30:00,0.8623188405797102
916,2016-11-23 16:00:00,0.8
917,2016-11-23 16:30:00,0.717391304347826
918,2016-11-24 08:00:00,0.308695652173913
919,2016-11-24 08:30:00,0.4434782608695652
920,2016-11-24 09:00:00,0.6521739130434783
921,2016-11-24 09:30:00,0.755072463768116
922,2016-11-24 10:00:00,0.836231884057971
923,2016-11-24 10:30:00,0.8753623188405797
924,2016-11-24 11:00:00,0.908695652173913
925,2016-11-24 11:30:00,0.9260869565217392
926,2016-11-24 12:00:00,0.9507246376811594
927,2016-11-24 12:30:00,0.9579710144927536
928,2016-11-24 13:00:00,0.9536231884057972
929,2016-11-24 13:30:00,0.9594202898550724
930,2016-11-24 14:00:00,0.9681159420289857
931,2016-11-24 14:30:00,0.936231884057971
932,2016-11-24 15:00:00,0.9057971014492754
933,2016-11-24 15:30:00,0.8695652173913043
934,2016-11-24 16:00:00,0.8231884057971014
935,2016-11-24 16:30:00,0.7420289855072464
936,2016-11-25 08:00:00,0.2753623188405797
937,2016-11-25 08:30:00,0.2753623188405797
938,2016-11-25 09:00:00,0.5565217391304348
939,2016-11-25 09:30:00,0.6391304347826087
940,2016-11-25 10:00:00,0.6985507246376812
941,2016-11-25 10:30:00,0.7260869565217392
942,2016-11-25 11:00:00,0.7666666666666667
943,2016-11-25 11:30:00,0.7753623188405797
944,2016-11-25 12:00:00,0.8188405797101449
945,2016-11-25 12:30:00,0.8289855072463768
946,2016-11-25 13:00:00,0.8101449275362319
947,2016-11-25 13:30:00,0.7985507246376812
948,2016-11-25 14:00:00,0.8072463768115942
949,2016-11-25 14:30:00,0.8057971014492754
950,2016-11-25 15:00:00,0.7811594202898551
951,2016-11-25 15:30:00,0.763768115942029
952,2016-11-25 16:00:00,0.7318840579710145
953,2016-11-25 16:30:00,0.6710144927536232
954,2016-11-26 08:00:00,0.1202898550724637
955,2016-11-26 08:30:00,0.1275362318840579
956,2016-11-26 09:00:00,0.1637681159420289
957,2016-11-26 09:30:00,0.1652173913043478
958,2016-11-26 10:00:00,0.1855072463768116
959,2016-11-26 10:30:00,0.2101449275362318
960,2016-11-26 11:00:00,0.2304347826086956
961,2016-11-26 11:30:00,0.2376811594202898
962,2016-11-26 12:00:00,0.2652173913043478
963,2016-11-26 12:30:00,0.308695652173913
964,2016-11-26 13:00:00,0.3246376811594202
965,2016-11-26 13:30:00,0.3463768115942029
966,2016-11-26 14:00:00,0.3681159420289855
967,2016-11-26 14:30:00,0.3956521739130434
968,2016-11-26 15:00:00,0.4043478260869565
969,2016-11-26 15:30:00,0.4188405797101449
970,2016-11-26 16:00:00,0.4289855072463768
971,2016-11-26 16:30:00,0.4231884057971014
972,2016-11-27 08:00:00,0.0927536231884058
973,2016-11-27 08:30:00,0.0898550724637681
974,2016-11-27 09:00:00,0.0942028985507246
975,2016-11-27 09:30:00,0.0971014492753623
976,2016-11-27 10:00:00,0.1072463768115942
977,2016-11-27 10:30:00,0.1376811594202898
978,2016-11-27 11:00:00,0.1521739130434782
979,2016-11-27 11:30:00,0.1594202898550724
980,2016-11-27 12:00:00,0.1768115942028985
981,2016-11-27 12:30:00,0.2057971014492753
982,2016-11-27 13:00:00,0.2130434782608695
983,2016-11-27 13:30:00,0.2347826086956521
984,2016-11-27 14:00:00,0.2492753623188406
985,2016-11-27 14:30:00,0.2768115942028985
986,2016-11-27 15:00:00,0.3115942028985507
987,2016-11-27 15:30:00,0.3391304347826087
988,2016-11-27 16:00:00,0.3507246376811594
989,2016-11-27 16:30:00,0.3855072463768116
990,2016-11-28 08:00:00,0.2710144927536232
991,2016-11-28 08:30:00,0.427536231884058
992,2016-11-28 09:00:00,0.5942028985507246
993,2016-11-28 09:30:00,0.7014492753623188
994,2016-11-28 10:00:00,0.8144927536231884
995,2016-11-28 10:30:00,0.8608695652173913
996,2016-11-28 11:00:00,0.8623188405797102
997,2016-11-28 11:30:00,0.8869565217391304
998,2016-11-28 12:00:00,0.8898550724637682
999,2016-11-28 12:30:00,0.9043478260869564
1000,2016-11-28 13:00:00,0.9144927536231884
1001,2016-11-28 13:30:00,0.9159420289855073
1002,2016-11-28 14:00:00,0.917391304347826
1003,2016-11-28 14:30:00,0.908695652173913
1004,2016-11-28 15:00:00,0.8898550724637682
1005,2016-11-28 15:30:00,0.8521739130434782
1006,2016-11-28 16:00:00,0.8144927536231884
1007,2016-11-28 16:30:00,0.7260869565217392
1008,2016-11-29 08:00:00,0.2884057971014492
1009,2016-11-29 08:30:00,0.4318840579710145
1010,2016-11-29 09:00:00,0.6260869565217392
1011,2016-11-29 09:30:00,0.7434782608695653
1012,2016-11-29 10:00:00,0.8507246376811595
1013,2016-11-29 10:30:00,0.9014492753623188
1014,2016-11-29 11:00:00,0.936231884057971
1015,2016-11-29 11:30:00,0.9507246376811594
1016,2016-11-29 12:00:00,0.9666666666666668
1017,2016-11-29 12:30:00,0.9869565217391304
1018,2016-11-29 13:00:00,0.9739130434782608
1019,2016-11-29 13:30:00,0.9608695652173912
1020,2016-11-29 14:00:00,0.9434782608695652
1021,2016-11-29 14:30:00,0.8681159420289855
1022,2016-11-29 15:00:00,0.8521739130434782
1023,2016-11-29 15:30:00,0.7869565217391304
1024,2016-11-29 16:00:00,0.7347826086956522
1025,2016-11-29 16:30:00,0.6579710144927536
1026,2016-11-30 08:00:00,0.2956521739130435
1027,2016-11-30 08:30:00,0.4289855072463768
1028,2016-11-30 09:00:00,0.6072463768115942
1029,2016-11-30 09:30:00,0.7043478260869566
1030,2016-11-30 10:00:00,0.7724637681159421
1031,2016-11-30 10:30:00,0.8130434782608695
1032,2016-11-30 11:00:00,0.836231884057971
1033,2016-11-30 11:30:00,0.8521739130434782
1034,2016-11-30 12:00:00,0.8971014492753623
1035,2016-11-30 12:30:00,0.9072463768115944
1036,2016-11-30 13:00:00,0.9260869565217392
1037,2016-11-30 13:30:00,0.927536231884058
1038,2016-11-30 14:00:00,0.9318840579710144
1039,2016-11-30 14:30:00,0.9231884057971016
1040,2016-11-30 15:00:00,0.9014492753623188
1041,2016-11-30 15:30:00,0.8695652173913043
1042,2016-11-30 16:00:00,0.8101449275362319
1043,2016-11-30 16:30:00,0.7463768115942029
1044,2016-12-01 08:00:00,0.3420289855072463
1045,2016-12-01 08:30:00,0.4376811594202898
1046,2016-12-01 09:00:00,0.6434782608695652
1047,2016-12-01 09:30:00,0.7985507246376812
1048,2016-12-01 10:00:00,0.910144927536232
1049,2016-12-01 10:30:00,0.9782608695652174
1050,2016-12-01 11:00:00,1.0
1051,2016-12-01 11:30:00,0.991304347826087
1052,2016-12-01 12:00:00,0.9942028985507246
1053,2016-12-01 12:30:00,0.9971014492753624
1054,2016-12-01 13:00:00,1.0
1055,2016-12-01 13:30:00,0.9797101449275364
1056,2016-12-01 14:00:00,0.991304347826087
1057,2016-12-01 14:30:00,0.9855072463768116
1058,2016-12-01 15:00:00,0.9434782608695652
1059,2016-12-01 15:30:00,0.927536231884058
1060,2016-12-01 16:00:00,0.8797101449275362
1061,2016-12-01 16:30:00,0.7869565217391304
1062,2016-12-02 08:00:00,0.2826086956521739
1063,2016-12-02 08:30:00,0.427536231884058
1064,2016-12-02 09:00:00,0.6289855072463768
1065,2016-12-02 09:30:00,0.7115942028985507
1066,2016-12-02 10:00:00,0.7811594202898551
1067,2016-12-02 10:30:00,0.8159420289855073
1068,2016-12-02 11:00:00,0.855072463768116
1069,2016-12-02 11:30:00,0.8768115942028986
1070,2016-12-02 12:00:00,0.9043478260869564
1071,2016-12-02 12:30:00,0.9
1072,2016-12-02 13:00:00,0.9028985507246376
1073,2016-12-02 13:30:00,0.9072463768115944
1074,2016-12-02 14:00:00,0.9188405797101448
1075,2016-12-02 14:30:00,0.8695652173913043
1076,2016-12-02 15:00:00,0.8434782608695652
1077,2016-12-02 15:30:00,0.8101449275362319
1078,2016-12-02 16:00:00,0.7782608695652173
1079,2016-12-02 16:30:00,0.7130434782608696
1080,2016-12-03 08:00:00,0.1231884057971014
1081,2016-12-03 08:30:00,0.1260869565217391
1082,2016-12-03 09:00:00,0.1333333333333333
1083,2016-12-03 09:30:00,0.1318840579710145
1084,2016-12-03 10:00:00,0.1391304347826087
1085,2016-12-03 10:30:00,0.1420289855072463
1086,2016-12-03 11:00:00,0.1492753623188406
1087,2016-12-03 11:30:00,0.1666666666666666
1088,2016-12-03 12:00:00,0.1855072463768116
1089,2016-12-03 12:30:00,0.1898550724637681
1090,2016-12-03 13:00:00,0.1956521739130435
1091,2016-12-03 13:30:00,0.2188405797101449
1092,2016-12-03 14:00:00,0.2391304347826087
1093,2016-12-03 14:30:00,0.2463768115942029
1094,2016-12-03 15:00:00,0.272463768115942
1095,2016-12-03 15:30:00,0.2985507246376812
1096,2016-12-03 16:00:00,0.3043478260869565
1097,2016-12-03 16:30:00,0.3202898550724637
1098,2016-12-04 08:00:00,0.2492753623188406
1099,2016-12-04 08:30:00,0.2492753623188406
1100,2016-12-04 09:00:00,0.2492753623188406
1101,2016-12-04 09:30:00,0.2492753623188406
1102,2016-12-04 10:00:00,0.2492753623188406
1103,2016-12-04 10:30:00,0.2492753623188406
1104,2016-12-04 11:00:00,0.2492753623188406
1105,2016-12-04 11:30:00,0.2492753623188406
1106,2016-12-04 12:00:00,0.2492753623188406
1107,2016-12-04 12:30:00,0.2492753623188406
1108,2016-12-04 13:00:00,0.2492753623188406
1109,2016-12-04 13:30:00,0.2492753623188406
1110,2016-12-04 14:00:00,0.2492753623188406
1111,2016-12-04 14:30:00,0.2492753623188406
1112,2016-12-04 15:00:00,0.2492753623188406
1113,2016-12-04 15:30:00,0.2492753623188406
1114,2016-12-04 16:00:00,0.2492753623188406
1115,2016-12-04 16:30:00,0.2492753623188406
1116,2016-12-05 08:00:00,0.2492753623188406
1117,2016-12-05 08:30:00,0.3826086956521739
1118,2016-12-05 09:00:00,0.5550724637681159
1119,2016-12-05 09:30:00,0.663768115942029
1120,2016-12-05 10:00:00,0.7681159420289855
1121,2016-12-05 10:30:00,0.8057971014492754
1122,2016-12-05 11:00:00,0.8333333333333334
1123,2016-12-05 11:30:00,0.8594202898550725
1124,2016-12-05 12:00:00,0.8985507246376812
1125,2016-12-05 12:30:00,0.9057971014492754
1126,2016-12-05 13:00:00,0.9188405797101448
1127,2016-12-05 13:30:00,0.917391304347826
1128,2016-12-05 14:00:00,0.9159420289855073
1129,2016-12-05 14:30:00,0.9072463768115944
1130,2016-12-05 15:00:00,0.8884057971014493
1131,2016-12-05 15:30:00,0.8420289855072464
1132,2016-12-05 16:00:00,0.7927536231884058
1133,2016-12-05 16:30:00,0.7260869565217392
1134,2016-12-06 08:00:00,0.2739130434782608
1135,2016-12-06 08:30:00,0.4478260869565217
1136,2016-12-06 09:00:00,0.6086956521739131
1137,2016-12-06 09:30:00,0.7376811594202899
1138,2016-12-06 10:00:00,0.8478260869565217
1139,2016-12-06 10:30:00,0.9
1140,2016-12-06 11:00:00,0.9405797101449276
1141,2016-12-06 11:30:00,0.955072463768116
1142,2016-12-06 12:00:00,0.9753623188405796
1143,2016-12-06 12:30:00,0.9652173913043478
1144,2016-12-06 13:00:00,0.9579710144927536
1145,2016-12-06 13:30:00,0.946376811594203
1146,2016-12-06 14:00:00,0.9376811594202898
1147,2016-12-06 14:30:00,0.8985507246376812
1148,2016-12-06 15:00:00,0.8710144927536232
1149,2016-12-06 15:30:00,0.8173913043478261
1150,2016-12-06 16:00:00,0.7681159420289855
1151,2016-12-06 16:30:00,0.7
1152,2016-12-07 08:00:00,0.3202898550724637
1153,2016-12-07 08:30:00,0.4536231884057971
1154,2016-12-07 09:00:00,0.6318840579710145
1155,2016-12-07 09:30:00,0.7652173913043478
1156,2016-12-07 10:00:00,0.8608695652173913
1157,2016-12-07 10:30:00,0.9159420289855073
1158,2016-12-07 11:00:00,0.9565217391304348
1159,2016-12-07 11:30:00,0.9652173913043478
1160,2016-12-07 12:00:00,0.9840579710144928
1161,2016-12-07 12:30:00,0.9681159420289857
1162,2016-12-07 13:00:00,0.9840579710144928
1163,2016-12-07 13:30:00,0.9695652173913044
1164,2016-12-07 14:00:00,0.981159420289855
1165,2016-12-07 14:30:00,0.955072463768116
1166,2016-12-07 15:00:00,0.9217391304347826
1167,2016-12-07 15:30:00,0.8681159420289855
1168,2016-12-07 16:00:00,0.8217391304347826
1169,2016-12-07 16:30:00,0.7333333333333333
1170,2016-12-08 08:00:00,0.272463768115942
1171,2016-12-08 08:30:00,0.3942028985507246
1172,2016-12-08 09:00:00,0.5652173913043478
1173,2016-12-08 09:30:00,0.6753623188405797
1174,2016-12-08 10:00:00,0.7579710144927536
1175,2016-12-08 10:30:00,0.8217391304347826
1176,2016-12-08 11:00:00,0.8579710144927536
1177,2016-12-08 11:30:00,0.8768115942028986
1178,2016-12-08 12:00:00,0.8985507246376812
1179,2016-12-08 12:30:00,0.9115942028985508
1180,2016-12-08 13:00:00,0.9159420289855073
1181,2016-12-08 13:30:00,0.9159420289855073
1182,2016-12-08 14:00:00,0.9115942028985508
1183,2016-12-08 14:30:00,0.8971014492753623
1184,2016-12-08 15:00:00,0.8695652173913043
1185,2016-12-08 15:30:00,0.8565217391304348
1186,2016-12-08 16:00:00,0.7898550724637681
1187,2016-12-08 16:30:00,0.6985507246376812
1188,2016-12-09 08:00:00,0.2985507246376812
1189,2016-12-09 08:30:00,0.4318840579710145
1190,2016-12-09 09:00:00,0.5623188405797102
1191,2016-12-09 09:30:00,0.6333333333333333
1192,2016-12-09 10:00:00,0.6855072463768116
1193,2016-12-09 10:30:00,0.717391304347826
1194,2016-12-09 11:00:00,0.7478260869565218
1195,2016-12-09 11:30:00,0.7666666666666667
1196,2016-12-09 12:00:00,0.782608695652174
1197,2016-12-09 12:30:00,0.7855072463768116
1198,2016-12-09 13:00:00,0.7855072463768116
1199,2016-12-09 13:30:00,0.7753623188405797
1200,2016-12-09 14:00:00,0.7666666666666667
1201,2016-12-09 14:30:00,0.7420289855072464
1202,2016-12-09 15:00:00,0.7347826086956522
1203,2016-12-09 15:30:00,0.7115942028985507
1204,2016-12-09 16:00:00,0.6478260869565218
1205,2016-12-09 16:30:00,0.5942028985507246
1206,2016-12-10 08:00:00,0.1231884057971014
1207,2016-12-10 08:30:00,0.1260869565217391
1208,2016-12-10 09:00:00,0.1333333333333333
1209,2016-12-10 09:30:00,0.1318840579710145
1210,2016-12-10 10:00:00,0.1391304347826087
1211,2016-12-10 10:30:00,0.1420289855072463
1212,2016-12-10 11:00:00,0.1492753623188406
1213,2016-12-10 11:30:00,0.1666666666666666
1214,2016-12-10 12:00:00,0.1855072463768116
1215,2016-12-10 12:30:00,0.1898550724637681
1216,2016-12-10 13:00:00,0.1956521739130435
1217,2016-12-10 13:30:00,0.2188405797101449
1218,2016-12-10 14:00:00,0.2391304347826087
1219,2016-12-10 14:30:00,0.2463768115942029
1220,2016-12-10 15:00:00,0.272463768115942
1221,2016-12-10 15:30:00,0.2985507246376812
1222,2016-12-10 16:00:00,0.3043478260869565
1223,2016-12-10 16:30:00,0.3202898550724637
1224,2016-12-11 08:00:00,0.1318840579710145
1225,2016-12-11 08:30:00,0.1318840579710145
1226,2016-12-11 09:00:00,0.1275362318840579
1227,2016-12-11 09:30:00,0.1304347826086956
1228,2016-12-11 10:00:00,0.1289855072463768
1229,2016-12-11 10:30:00,0.1391304347826087
1230,2016-12-11 11:00:00,0.1463768115942029
1231,2016-12-11 11:30:00,0.1681159420289855
1232,2016-12-11 12:00:00,0.1927536231884058
1233,2016-12-11 12:30:00,0.1913043478260869
1234,2016-12-11 13:00:00,0.1942028985507246
1235,2016-12-11 13:30:00,0.2101449275362318
1236,2016-12-11 14:00:00,0.2333333333333333
1237,2016-12-11 14:30:00,0.2695652173913043
1238,2016-12-11 15:00:00,0.2797101449275362
1239,2016-12-11 15:30:00,0.2927536231884058
1240,2016-12-11 16:00:00,0.2695652173913043
1241,2016-12-11 16:30:00,0.2898550724637681
1242,2016-12-12 08:00:00,0.2652173913043478
1243,2016-12-12 08:30:00,0.391304347826087
1244,2016-12-12 09:00:00,0.5681159420289855
1245,2016-12-12 09:30:00,0.6681159420289855
1246,2016-12-12 10:00:00,0.7695652173913043
1247,2016-12-12 10:30:00,0.8014492753623188
1248,2016-12-12 11:00:00,0.8173913043478261
1249,2016-12-12 11:30:00,0.8347826086956521
1250,2016-12-12 12:00:00,0.8608695652173913
1251,2016-12-12 12:30:00,0.8681159420289855
1252,2016-12-12 13:00:00,0.8695652173913043
1253,2016-12-12 13:30:00,0.8739130434782608
1254,2016-12-12 14:00:00,0.8681159420289855
1255,2016-12-12 14:30:00,0.8666666666666667
1256,2016-12-12 15:00:00,0.8463768115942029
1257,2016-12-12 15:30:00,0.8130434782608695
1258,2016-12-12 16:00:00,0.7724637681159421
1259,2016-12-12 16:30:00,0.7057971014492753
